{"cameraMode":{"drawMode":0,"name":"Shaded","section":"Shading Mode"},"sceneLighting":false,"audioPlay":false,"sceneViewState":{"showFog":true,"showMaterialUpdate":false,"showSkybox":false,"showFlares":true,"showImageEffects":true,"showParticleSystems":true},"in2DMode":false,"pivot":{"x":0.5265077352523804,"y":0.3124975562095642,"z":-0.19900983572006226},"rotation":{"x":0.08960865437984467,"y":-0.8408510684967041,"z":0.14677701890468598,"w":0.5134177207946777},"size":35.342735290527347,"orthographic":false}