{"cameraMode":{"drawMode":0,"name":"Shaded","section":"Shading Mode"},"sceneLighting":false,"audioPlay":false,"sceneViewState":{"showFog":true,"showMaterialUpdate":false,"showSkybox":false,"showFlares":true,"showImageEffects":true,"showParticleSystems":true},"in2DMode":false,"pivot":{"x":-0.9914298057556152,"y":8.461197853088379,"z":9.789294242858887},"rotation":{"x":0.13344398140907288,"y":-0.6915627717971802,"z":0.13271905481815339,"w":0.6975606679916382},"size":17.147302627563478,"orthographic":false}