{"cameraMode":{"drawMode":0,"name":"Shaded","section":"Shading Mode"},"sceneLighting":false,"audioPlay":false,"sceneViewState":{"showFog":true,"showMaterialUpdate":false,"showSkybox":false,"showFlares":true,"showImageEffects":true,"showParticleSystems":true},"in2DMode":false,"pivot":{"x":-1.7155485153198243,"y":-1.685953140258789,"z":-10.864669799804688},"rotation":{"x":0.12185288965702057,"y":-0.6226750016212463,"z":0.09927953034639359,"w":0.766710638999939},"size":17.389806747436525,"orthographic":false}