{"cameraMode":{"drawMode":0,"name":"Shaded","section":"Shading Mode"},"sceneLighting":false,"audioPlay":false,"sceneViewState":{"showFog":true,"showMaterialUpdate":false,"showSkybox":false,"showFlares":true,"showImageEffects":true,"showParticleSystems":true},"in2DMode":false,"pivot":{"x":1.48150634765625,"y":4.077360153198242,"z":13.553505897521973},"rotation":{"x":0.12185288965702057,"y":-0.6226750016212463,"z":0.09927953034639359,"w":0.766710638999939},"size":7.210561275482178,"orthographic":false}