{"cameraMode":{"drawMode":0,"name":"Shaded","section":"Shading Mode"},"sceneLighting":false,"audioPlay":false,"sceneViewState":{"showFog":true,"showMaterialUpdate":false,"showSkybox":false,"showFlares":true,"showImageEffects":true,"showParticleSystems":true},"in2DMode":false,"pivot":{"x":-15.815322875976563,"y":1.1094188690185547,"z":1.8883628845214844},"rotation":{"x":-0.08929649740457535,"y":-0.9043359756469727,"z":0.346011221408844,"w":-0.23374760150909425},"size":72.41204071044922,"orthographic":false}